[
{
  "model": "admin.logentry",
  "pk": 1,
  "fields": {
    "action_time": "2023-03-13T09:53:55.952Z",
    "user": 1,
    "content_type": 7,
    "object_id": "1",
    "object_repr": "Dinamo Moscow",
    "action_flag": 1,
    "change_message": "[{\"added\": {}}]"
  }
},
{
  "model": "admin.logentry",
  "pk": 2,
  "fields": {
    "action_time": "2023-03-13T10:20:11.494Z",
    "user": 1,
    "content_type": 7,
    "object_id": "2",
    "object_repr": "Who was James Bpnd?",
    "action_flag": 1,
    "change_message": "[{\"added\": {}}]"
  }
},
{
  "model": "admin.logentry",
  "pk": 3,
  "fields": {
    "action_time": "2023-03-13T13:48:16.605Z",
    "user": 1,
    "content_type": 7,
    "object_id": "1",
    "object_repr": "Dinamo Moscow",
    "action_flag": 2,
    "change_message": "[{\"changed\": {\"fields\": [\"Status\"]}}]"
  }
},
{
  "model": "admin.logentry",
  "pk": 4,
  "fields": {
    "action_time": "2023-03-13T14:28:07.559Z",
    "user": 1,
    "content_type": 7,
    "object_id": "4",
    "object_repr": "Scrape and Parse Text From Websites",
    "action_flag": 1,
    "change_message": "[{\"added\": {}}]"
  }
},
{
  "model": "admin.logentry",
  "pk": 5,
  "fields": {
    "action_time": "2023-03-13T18:21:10.879Z",
    "user": 1,
    "content_type": 7,
    "object_id": "5",
    "object_repr": "Argentina is world champion!",
    "action_flag": 1,
    "change_message": "[{\"added\": {}}]"
  }
},
{
  "model": "admin.logentry",
  "pk": 6,
  "fields": {
    "action_time": "2023-03-13T18:41:34.804Z",
    "user": 1,
    "content_type": 7,
    "object_id": "5",
    "object_repr": "Argentina is world champion!",
    "action_flag": 2,
    "change_message": "[]"
  }
},
{
  "model": "admin.logentry",
  "pk": 7,
  "fields": {
    "action_time": "2023-03-14T09:19:19.007Z",
    "user": 1,
    "content_type": 7,
    "object_id": "6",
    "object_repr": "World's best on show in FIFA's tournaments",
    "action_flag": 1,
    "change_message": "[{\"added\": {}}]"
  }
},
{
  "model": "admin.logentry",
  "pk": 8,
  "fields": {
    "action_time": "2023-03-14T09:22:19.347Z",
    "user": 1,
    "content_type": 4,
    "object_id": "2",
    "object_repr": "buka",
    "action_flag": 1,
    "change_message": "[{\"added\": {}}]"
  }
},
{
  "model": "admin.logentry",
  "pk": 9,
  "fields": {
    "action_time": "2023-03-14T09:23:11.438Z",
    "user": 1,
    "content_type": 7,
    "object_id": "7",
    "object_repr": "Tickets for Indonesia 2023",
    "action_flag": 1,
    "change_message": "[{\"added\": {}}]"
  }
},
{
  "model": "admin.logentry",
  "pk": 10,
  "fields": {
    "action_time": "2023-03-14T09:23:48.709Z",
    "user": 1,
    "content_type": 7,
    "object_id": "8",
    "object_repr": "Share Japan, Korea Republic claim Asia’s final U-20 World Cup spots",
    "action_flag": 1,
    "change_message": "[{\"added\": {}}]"
  }
},
{
  "model": "admin.logentry",
  "pk": 11,
  "fields": {
    "action_time": "2023-03-14T09:24:48.389Z",
    "user": 1,
    "content_type": 7,
    "object_id": "9",
    "object_repr": "Senegal win maiden U-20 AFCON crown as Nigeria make podium",
    "action_flag": 1,
    "change_message": "[{\"added\": {}}]"
  }
},
{
  "model": "admin.logentry",
  "pk": 12,
  "fields": {
    "action_time": "2023-03-15T07:47:17.355Z",
    "user": 1,
    "content_type": 7,
    "object_id": "7",
    "object_repr": "Tickets for Indonesia 2023",
    "action_flag": 2,
    "change_message": "[{\"changed\": {\"fields\": [\"Status\"]}}]"
  }
},
{
  "model": "admin.logentry",
  "pk": 13,
  "fields": {
    "action_time": "2023-03-15T07:47:30.462Z",
    "user": 1,
    "content_type": 7,
    "object_id": "2",
    "object_repr": "Who was James Bpnd?",
    "action_flag": 2,
    "change_message": "[{\"changed\": {\"fields\": [\"Status\"]}}]"
  }
},
{
  "model": "admin.logentry",
  "pk": 14,
  "fields": {
    "action_time": "2023-03-15T08:57:42.572Z",
    "user": 1,
    "content_type": 8,
    "object_id": "1",
    "object_repr": "Comment by Boba on Dinamo Moscow",
    "action_flag": 1,
    "change_message": "[{\"added\": {}}]"
  }
},
{
  "model": "admin.logentry",
  "pk": 15,
  "fields": {
    "action_time": "2023-03-15T15:49:35.122Z",
    "user": 1,
    "content_type": 8,
    "object_id": "3",
    "object_repr": "Comment by test-group on Senegal win maiden U-20 AFCON crown as Nigeria make podium",
    "action_flag": 2,
    "change_message": "[{\"changed\": {\"fields\": [\"Active\"]}}]"
  }
},
{
  "model": "admin.logentry",
  "pk": 16,
  "fields": {
    "action_time": "2023-03-16T13:15:03.233Z",
    "user": 1,
    "content_type": 7,
    "object_id": "1",
    "object_repr": "Dinamo Moscow",
    "action_flag": 2,
    "change_message": "[{\"changed\": {\"fields\": [\"Tags\"]}}]"
  }
},
{
  "model": "admin.logentry",
  "pk": 17,
  "fields": {
    "action_time": "2023-03-17T07:18:25.611Z",
    "user": 1,
    "content_type": 7,
    "object_id": "1",
    "object_repr": "Dinamo Moscow",
    "action_flag": 2,
    "change_message": "[{\"changed\": {\"fields\": [\"Tags\"]}}]"
  }
},
{
  "model": "admin.logentry",
  "pk": 18,
  "fields": {
    "action_time": "2023-03-17T07:18:57.259Z",
    "user": 1,
    "content_type": 7,
    "object_id": "7",
    "object_repr": "Tickets for Indonesia 2023",
    "action_flag": 2,
    "change_message": "[{\"changed\": {\"fields\": [\"Tags\"]}}]"
  }
},
{
  "model": "admin.logentry",
  "pk": 19,
  "fields": {
    "action_time": "2023-03-17T19:05:39.022Z",
    "user": 1,
    "content_type": 7,
    "object_id": "10",
    "object_repr": "Markdown post",
    "action_flag": 1,
    "change_message": "[{\"added\": {}}]"
  }
},
{
  "model": "admin.logentry",
  "pk": 20,
  "fields": {
    "action_time": "2023-03-17T19:06:20.770Z",
    "user": 1,
    "content_type": 7,
    "object_id": "10",
    "object_repr": "Markdown post",
    "action_flag": 2,
    "change_message": "[{\"changed\": {\"fields\": [\"Body\"]}}]"
  }
},
{
  "model": "admin.logentry",
  "pk": 21,
  "fields": {
    "action_time": "2023-03-18T09:39:52.450Z",
    "user": 1,
    "content_type": 11,
    "object_id": "1",
    "object_repr": "localhost:8000",
    "action_flag": 2,
    "change_message": "[{\"changed\": {\"fields\": [\"Domain name\", \"Display name\"]}}]"
  }
},
{
  "model": "admin.logentry",
  "pk": 22,
  "fields": {
    "action_time": "2023-03-19T07:20:48.980Z",
    "user": 1,
    "content_type": 7,
    "object_id": "11",
    "object_repr": "Champions League quarter-final draw: Real Madrid vs Chelsea, Man City vs Bayern",
    "action_flag": 1,
    "change_message": "[{\"added\": {}}]"
  }
},
{
  "model": "auth.permission",
  "pk": 1,
  "fields": {
    "name": "Can add log entry",
    "content_type": 1,
    "codename": "add_logentry"
  }
},
{
  "model": "auth.permission",
  "pk": 2,
  "fields": {
    "name": "Can change log entry",
    "content_type": 1,
    "codename": "change_logentry"
  }
},
{
  "model": "auth.permission",
  "pk": 3,
  "fields": {
    "name": "Can delete log entry",
    "content_type": 1,
    "codename": "delete_logentry"
  }
},
{
  "model": "auth.permission",
  "pk": 4,
  "fields": {
    "name": "Can view log entry",
    "content_type": 1,
    "codename": "view_logentry"
  }
},
{
  "model": "auth.permission",
  "pk": 5,
  "fields": {
    "name": "Can add permission",
    "content_type": 2,
    "codename": "add_permission"
  }
},
{
  "model": "auth.permission",
  "pk": 6,
  "fields": {
    "name": "Can change permission",
    "content_type": 2,
    "codename": "change_permission"
  }
},
{
  "model": "auth.permission",
  "pk": 7,
  "fields": {
    "name": "Can delete permission",
    "content_type": 2,
    "codename": "delete_permission"
  }
},
{
  "model": "auth.permission",
  "pk": 8,
  "fields": {
    "name": "Can view permission",
    "content_type": 2,
    "codename": "view_permission"
  }
},
{
  "model": "auth.permission",
  "pk": 9,
  "fields": {
    "name": "Can add group",
    "content_type": 3,
    "codename": "add_group"
  }
},
{
  "model": "auth.permission",
  "pk": 10,
  "fields": {
    "name": "Can change group",
    "content_type": 3,
    "codename": "change_group"
  }
},
{
  "model": "auth.permission",
  "pk": 11,
  "fields": {
    "name": "Can delete group",
    "content_type": 3,
    "codename": "delete_group"
  }
},
{
  "model": "auth.permission",
  "pk": 12,
  "fields": {
    "name": "Can view group",
    "content_type": 3,
    "codename": "view_group"
  }
},
{
  "model": "auth.permission",
  "pk": 13,
  "fields": {
    "name": "Can add user",
    "content_type": 4,
    "codename": "add_user"
  }
},
{
  "model": "auth.permission",
  "pk": 14,
  "fields": {
    "name": "Can change user",
    "content_type": 4,
    "codename": "change_user"
  }
},
{
  "model": "auth.permission",
  "pk": 15,
  "fields": {
    "name": "Can delete user",
    "content_type": 4,
    "codename": "delete_user"
  }
},
{
  "model": "auth.permission",
  "pk": 16,
  "fields": {
    "name": "Can view user",
    "content_type": 4,
    "codename": "view_user"
  }
},
{
  "model": "auth.permission",
  "pk": 17,
  "fields": {
    "name": "Can add content type",
    "content_type": 5,
    "codename": "add_contenttype"
  }
},
{
  "model": "auth.permission",
  "pk": 18,
  "fields": {
    "name": "Can change content type",
    "content_type": 5,
    "codename": "change_contenttype"
  }
},
{
  "model": "auth.permission",
  "pk": 19,
  "fields": {
    "name": "Can delete content type",
    "content_type": 5,
    "codename": "delete_contenttype"
  }
},
{
  "model": "auth.permission",
  "pk": 20,
  "fields": {
    "name": "Can view content type",
    "content_type": 5,
    "codename": "view_contenttype"
  }
},
{
  "model": "auth.permission",
  "pk": 21,
  "fields": {
    "name": "Can add session",
    "content_type": 6,
    "codename": "add_session"
  }
},
{
  "model": "auth.permission",
  "pk": 22,
  "fields": {
    "name": "Can change session",
    "content_type": 6,
    "codename": "change_session"
  }
},
{
  "model": "auth.permission",
  "pk": 23,
  "fields": {
    "name": "Can delete session",
    "content_type": 6,
    "codename": "delete_session"
  }
},
{
  "model": "auth.permission",
  "pk": 24,
  "fields": {
    "name": "Can view session",
    "content_type": 6,
    "codename": "view_session"
  }
},
{
  "model": "auth.permission",
  "pk": 25,
  "fields": {
    "name": "Can add post",
    "content_type": 7,
    "codename": "add_post"
  }
},
{
  "model": "auth.permission",
  "pk": 26,
  "fields": {
    "name": "Can change post",
    "content_type": 7,
    "codename": "change_post"
  }
},
{
  "model": "auth.permission",
  "pk": 27,
  "fields": {
    "name": "Can delete post",
    "content_type": 7,
    "codename": "delete_post"
  }
},
{
  "model": "auth.permission",
  "pk": 28,
  "fields": {
    "name": "Can view post",
    "content_type": 7,
    "codename": "view_post"
  }
},
{
  "model": "auth.permission",
  "pk": 29,
  "fields": {
    "name": "Can add comment",
    "content_type": 8,
    "codename": "add_comment"
  }
},
{
  "model": "auth.permission",
  "pk": 30,
  "fields": {
    "name": "Can change comment",
    "content_type": 8,
    "codename": "change_comment"
  }
},
{
  "model": "auth.permission",
  "pk": 31,
  "fields": {
    "name": "Can delete comment",
    "content_type": 8,
    "codename": "delete_comment"
  }
},
{
  "model": "auth.permission",
  "pk": 32,
  "fields": {
    "name": "Can view comment",
    "content_type": 8,
    "codename": "view_comment"
  }
},
{
  "model": "auth.permission",
  "pk": 33,
  "fields": {
    "name": "Can add tag",
    "content_type": 9,
    "codename": "add_tag"
  }
},
{
  "model": "auth.permission",
  "pk": 34,
  "fields": {
    "name": "Can change tag",
    "content_type": 9,
    "codename": "change_tag"
  }
},
{
  "model": "auth.permission",
  "pk": 35,
  "fields": {
    "name": "Can delete tag",
    "content_type": 9,
    "codename": "delete_tag"
  }
},
{
  "model": "auth.permission",
  "pk": 36,
  "fields": {
    "name": "Can view tag",
    "content_type": 9,
    "codename": "view_tag"
  }
},
{
  "model": "auth.permission",
  "pk": 37,
  "fields": {
    "name": "Can add tagged item",
    "content_type": 10,
    "codename": "add_taggeditem"
  }
},
{
  "model": "auth.permission",
  "pk": 38,
  "fields": {
    "name": "Can change tagged item",
    "content_type": 10,
    "codename": "change_taggeditem"
  }
},
{
  "model": "auth.permission",
  "pk": 39,
  "fields": {
    "name": "Can delete tagged item",
    "content_type": 10,
    "codename": "delete_taggeditem"
  }
},
{
  "model": "auth.permission",
  "pk": 40,
  "fields": {
    "name": "Can view tagged item",
    "content_type": 10,
    "codename": "view_taggeditem"
  }
},
{
  "model": "auth.permission",
  "pk": 41,
  "fields": {
    "name": "Can add site",
    "content_type": 11,
    "codename": "add_site"
  }
},
{
  "model": "auth.permission",
  "pk": 42,
  "fields": {
    "name": "Can change site",
    "content_type": 11,
    "codename": "change_site"
  }
},
{
  "model": "auth.permission",
  "pk": 43,
  "fields": {
    "name": "Can delete site",
    "content_type": 11,
    "codename": "delete_site"
  }
},
{
  "model": "auth.permission",
  "pk": 44,
  "fields": {
    "name": "Can view site",
    "content_type": 11,
    "codename": "view_site"
  }
},
{
  "model": "auth.user",
  "pk": 1,
  "fields": {
    "password": "pbkdf2_sha256$390000$ea3N0cHKJ6kcylJyXqbnAB$XyrtUcs8bqxBByMqj9/jd2Wol8w7HCUr0aBNaR89CPE=",
    "last_login": "2023-03-13T09:49:19.168Z",
    "is_superuser": true,
    "username": "marik",
    "first_name": "",
    "last_name": "",
    "email": "12@ya.ru",
    "is_staff": true,
    "is_active": true,
    "date_joined": "2023-03-13T09:48:40.792Z",
    "groups": [],
    "user_permissions": []
  }
},
{
  "model": "auth.user",
  "pk": 2,
  "fields": {
    "password": "pbkdf2_sha256$390000$7U18lny3bhFHzw7eS2I2y8$iGnbYqg3oyy6vc5YwyqYBU2h1O20Kqtb0+R13gDaYx0=",
    "last_login": null,
    "is_superuser": false,
    "username": "buka",
    "first_name": "",
    "last_name": "",
    "email": "",
    "is_staff": false,
    "is_active": true,
    "date_joined": "2023-03-14T09:22:18.881Z",
    "groups": [],
    "user_permissions": []
  }
},
{
  "model": "contenttypes.contenttype",
  "pk": 1,
  "fields": {
    "app_label": "admin",
    "model": "logentry"
  }
},
{
  "model": "contenttypes.contenttype",
  "pk": 2,
  "fields": {
    "app_label": "auth",
    "model": "permission"
  }
},
{
  "model": "contenttypes.contenttype",
  "pk": 3,
  "fields": {
    "app_label": "auth",
    "model": "group"
  }
},
{
  "model": "contenttypes.contenttype",
  "pk": 4,
  "fields": {
    "app_label": "auth",
    "model": "user"
  }
},
{
  "model": "contenttypes.contenttype",
  "pk": 5,
  "fields": {
    "app_label": "contenttypes",
    "model": "contenttype"
  }
},
{
  "model": "contenttypes.contenttype",
  "pk": 6,
  "fields": {
    "app_label": "sessions",
    "model": "session"
  }
},
{
  "model": "contenttypes.contenttype",
  "pk": 7,
  "fields": {
    "app_label": "blog",
    "model": "post"
  }
},
{
  "model": "contenttypes.contenttype",
  "pk": 8,
  "fields": {
    "app_label": "blog",
    "model": "comment"
  }
},
{
  "model": "contenttypes.contenttype",
  "pk": 9,
  "fields": {
    "app_label": "taggit",
    "model": "tag"
  }
},
{
  "model": "contenttypes.contenttype",
  "pk": 10,
  "fields": {
    "app_label": "taggit",
    "model": "taggeditem"
  }
},
{
  "model": "contenttypes.contenttype",
  "pk": 11,
  "fields": {
    "app_label": "sites",
    "model": "site"
  }
},
{
  "model": "sessions.session",
  "pk": "5y4kohprfs7yly78ow0fols0468h6ol9",
  "fields": {
    "session_data": ".eJxVjEEOwiAQRe_C2hBAGKYu3XuGZoZBqRpISrsy3l2bdKHb_977LzXSupRx7XkeJ1EnZdXhd2NKj1w3IHeqt6ZTq8s8sd4UvdOuL03y87y7fweFevnWyJAATfI5AEgwVxGEyDEEZoeI7FxiNIOlaL2HYK0bHB2TEAigePX-ANP2N0w:1pbenv:-em_LSZnInzrJFpkNy92H30WnDUUb0VMsYj2mJWtp5o",
    "expire_date": "2023-03-27T09:49:19.173Z"
  }
},
{
  "model": "blog.post",
  "pk": 1,
  "fields": {
    "title": "Dinamo Moscow",
    "slug": "winter_football",
    "author": 1,
    "body": "We are the champions!",
    "publish": "2023-03-13T09:51:24Z",
    "created": "2023-03-13T09:53:55.950Z",
    "updated": "2023-03-17T07:18:25.600Z",
    "status": "PB"
  }
},
{
  "model": "blog.post",
  "pk": 2,
  "fields": {
    "title": "Who was James Bpnd?",
    "slug": "who-was-james-bpnd",
    "author": 1,
    "body": "Agent 007",
    "publish": "2023-03-13T10:18:07Z",
    "created": "2023-03-13T10:20:11.491Z",
    "updated": "2023-03-15T07:47:30.460Z",
    "status": "PB"
  }
},
{
  "model": "blog.post",
  "pk": 3,
  "fields": {
    "title": "New title",
    "slug": "another-post",
    "author": 1,
    "body": "Post body",
    "publish": "2023-03-13T10:29:49.405Z",
    "created": "2023-03-13T10:29:57.747Z",
    "updated": "2023-03-13T12:24:21.450Z",
    "status": "PB"
  }
},
{
  "model": "blog.post",
  "pk": 4,
  "fields": {
    "title": "Scrape and Parse Text From Websites",
    "slug": "scrape-and-parse-text-from-websites",
    "author": 1,
    "body": "Scrape and Parse Text From Websites\r\nCollecting data from websites using an automated process is known as web scraping. Some websites explicitly forbid users from scraping their data with automated tools like the ones that you’ll create in this tutorial. Websites do this for two possible reasons:\r\n\r\nThe site has a good reason to protect its data. For instance, Google Maps doesn’t let you request too many results too quickly.\r\nMaking many repeated requests to a website’s server may use up bandwidth, slowing down the website for other users and potentially overloading the server such that the website stops responding entirely.",
    "publish": "2023-03-13T14:27:37Z",
    "created": "2023-03-13T14:28:07.556Z",
    "updated": "2023-03-13T14:28:07.556Z",
    "status": "PB"
  }
},
{
  "model": "blog.post",
  "pk": 5,
  "fields": {
    "title": "Argentina is world champion!",
    "slug": "argentina-is-world-champion",
    "author": 1,
    "body": "Argentina is one of the most successful teams in the tournament's history, having won three World Cups: in 1978, 1986, 2022. Argentina has also been runner up three times: in 1930, 1990 and 2014. In 18 World Cup tournaments, Argentina has 47 victories in 88 matches.",
    "publish": "2023-03-13T18:20:03Z",
    "created": "2023-03-13T18:21:10.877Z",
    "updated": "2023-03-13T18:41:34.800Z",
    "status": "PB"
  }
},
{
  "model": "blog.post",
  "pk": 6,
  "fields": {
    "title": "World's best on show in FIFA's tournaments",
    "slug": "worlds-best-on-show-in-fifas-tournaments",
    "author": 1,
    "body": "As well as showcasing the very best the beautiful game has to offer, FIFA’s tournaments drive the sport’s development.\r\nThe FIFA World Cup™ and FIFA Women’s World Cup™ offer a shot at global glory to the game’s top nations, while elite clubs come together to contest the FIFA Club World Cup™.\r\nThe FIFA U-17 and U-20 World Cups and their female equivalents have a well-earned reputation for helping develop superstars-in-the-making, while the FIFA Futsal World Cup™ and FIFA Beach Soccer World Cup™ provide a platform for the crème de la crème of these thrilling disciplines.",
    "publish": "2023-03-14T09:17:27Z",
    "created": "2023-03-14T09:19:19.003Z",
    "updated": "2023-03-14T09:19:19.003Z",
    "status": "PB"
  }
},
{
  "model": "blog.post",
  "pk": 7,
  "fields": {
    "title": "Tickets for Indonesia 2023",
    "slug": "tickets-for-indonesia-2023",
    "author": 2,
    "body": "From Maradona to Messi, icons often emerge at the FIFA U-20 World Cup™. Register your interest to watch the stars of tomorrow vie for glory in Indonesia.",
    "publish": "2023-03-14T09:22:53Z",
    "created": "2023-03-14T09:23:11.434Z",
    "updated": "2023-03-17T07:18:57.239Z",
    "status": "PB"
  }
},
{
  "model": "blog.post",
  "pk": 8,
  "fields": {
    "title": "Share Japan, Korea Republic claim Asia’s final U-20 World Cup spots",
    "slug": "share-japan-korea-republic-claim-asias-final-u-20-world-cup-spots",
    "author": 2,
    "body": "Japan and Korea Republic have claimed Asia’s last two berths at the FIFA U-20 World Cup Indonesia 2023™, seeing off Jordan and China PR respectively to follow Iraq and Uzbekistan in qualifying for the global showpiece. With Indonesia assured of their place as hosts, the continent will have five representatives at the youth finals, which take place between 20 May and 11 June.",
    "publish": "2023-03-14T09:23:14Z",
    "created": "2023-03-14T09:23:48.706Z",
    "updated": "2023-03-14T09:23:48.706Z",
    "status": "PB"
  }
},
{
  "model": "blog.post",
  "pk": 9,
  "fields": {
    "title": "Senegal win maiden U-20 AFCON crown as Nigeria make podium",
    "slug": "senegal-win-maiden-u-20-afcon-crown-as-nigeria-make-podium",
    "author": 2,
    "body": "Senegal, who had thrice lost in the CAF U-20 Africa Cup of Nations final, got their hands on the trophy by beating The Gambia, while Nigeria finished third.\r\nIt was a case of fourth time lucky for the Teranga Cubs. Three-time CAF U-20 Africa Cup of Nations runners-up, Senegal have finally got their hands on the trophy, with Malick Daf’s side running out 2-0 winners against neighbours The Gambia at the Cairo International Stadium on Saturday.",
    "publish": "2023-03-14T09:24:09Z",
    "created": "2023-03-14T09:24:48.387Z",
    "updated": "2023-03-14T09:24:48.387Z",
    "status": "PB"
  }
},
{
  "model": "blog.post",
  "pk": 10,
  "fields": {
    "title": "Markdown post",
    "slug": "markdown-post",
    "author": 2,
    "body": "This is post formatted with markdown\r\n--------------------------------------------------------------------\r\n\r\n*This is emphasized* and **this is more emphasized**\r\n\r\nHere is a list:\r\n\r\n* One\r\n* Two\r\n* Three\r\n\r\nAnd a [link to the Django website](https://djangoproject.com/).",
    "publish": "2023-03-17T19:01:04Z",
    "created": "2023-03-17T19:05:39.009Z",
    "updated": "2023-03-17T19:06:20.760Z",
    "status": "PB"
  }
},
{
  "model": "blog.post",
  "pk": 11,
  "fields": {
    "title": "Champions League quarter-final draw: Real Madrid vs Chelsea, Man City vs Bayern",
    "slug": "champions-league-quarter-final-draw-real-madrid-vs-chelsea-man-city-vs-bayern",
    "author": 2,
    "body": "Josep Guardiola's Manchester City take on the Spaniard's former employers Bayern, while holders Real Madrid face Chelsea – one of five of Carlo Ancelotti's ex-sides in the draw. The winners of those ties meet in the semi-finals.\r\n\r\nThe other half of the draw also has a distinctly Italian accent, with seven-time European champions AC Milan taking on runaway Serie A leaders Napoli. Whoever emerges from that tie could then meet Inter provided the Nerazzurri get past Benfica in the last eight.",
    "publish": "2023-03-19T07:19:03Z",
    "created": "2023-03-19T07:20:48.961Z",
    "updated": "2023-03-19T07:20:48.961Z",
    "status": "PB"
  }
},
{
  "model": "blog.comment",
  "pk": 1,
  "fields": {
    "post": 1,
    "name": "Boba",
    "email": "123456@ya.ru",
    "body": "GO-go-go!",
    "created": "2023-03-15T08:57:42.570Z",
    "updated": "2023-03-15T08:57:42.571Z",
    "active": true
  }
},
{
  "model": "blog.comment",
  "pk": 2,
  "fields": {
    "post": 9,
    "name": "Django",
    "email": "123456@ya.ru",
    "body": "Good job!",
    "created": "2023-03-15T14:47:44.818Z",
    "updated": "2023-03-15T14:47:44.818Z",
    "active": true
  }
},
{
  "model": "blog.comment",
  "pk": 3,
  "fields": {
    "post": 9,
    "name": "test-group",
    "email": "12qw@ya.ru",
    "body": "Well done girls!",
    "created": "2023-03-15T14:52:26.611Z",
    "updated": "2023-03-15T15:49:35.120Z",
    "active": false
  }
},
{
  "model": "blog.comment",
  "pk": 4,
  "fields": {
    "post": 9,
    "name": "test-group",
    "email": "12qw@ya.ru",
    "body": "Well done girls!",
    "created": "2023-03-15T14:59:28.234Z",
    "updated": "2023-03-15T14:59:28.234Z",
    "active": true
  }
},
{
  "model": "blog.comment",
  "pk": 5,
  "fields": {
    "post": 9,
    "name": "qwerty",
    "email": "qw@ya.ru",
    "body": "The Extraordinary Congress took place Kigali, Rwanda the day before the 73rd FIFA Congress – to be held in the same city. Speaking to delegates before President Maltock was re-elected by acclamation, Mr Infantino praised the commitment he has shown, and continues to show, for football development across the Oceania region.",
    "created": "2023-03-15T15:44:04.006Z",
    "updated": "2023-03-15T15:44:04.006Z",
    "active": true
  }
},
{
  "model": "blog.comment",
  "pk": 6,
  "fields": {
    "post": 9,
    "name": "Roman",
    "email": "qw12@ya.ru",
    "body": "New comment",
    "created": "2023-03-15T15:48:08.890Z",
    "updated": "2023-03-15T15:48:08.890Z",
    "active": true
  }
},
{
  "model": "blog.comment",
  "pk": 7,
  "fields": {
    "post": 7,
    "name": "Django",
    "email": "7@gmail.com",
    "body": "I will go~",
    "created": "2023-03-17T17:53:43.255Z",
    "updated": "2023-03-17T17:53:43.255Z",
    "active": true
  }
},
{
  "model": "blog.comment",
  "pk": 8,
  "fields": {
    "post": 7,
    "name": "qwerty",
    "email": "303@gmail.com",
    "body": "Asia forever",
    "created": "2023-03-17T17:54:42.048Z",
    "updated": "2023-03-17T17:54:42.048Z",
    "active": true
  }
},
{
  "model": "blog.comment",
  "pk": 9,
  "fields": {
    "post": 7,
    "name": "qwerty",
    "email": "303@gmail.com",
    "body": "Asia forever",
    "created": "2023-03-17T17:57:34.553Z",
    "updated": "2023-03-17T17:57:34.553Z",
    "active": true
  }
},
{
  "model": "blog.comment",
  "pk": 10,
  "fields": {
    "post": 7,
    "name": "qwerty",
    "email": "303@gmail.com",
    "body": "Asia forever",
    "created": "2023-03-17T18:00:28.157Z",
    "updated": "2023-03-17T18:00:28.157Z",
    "active": true
  }
},
{
  "model": "blog.comment",
  "pk": 11,
  "fields": {
    "post": 7,
    "name": "qwerty",
    "email": "303@gmail.com",
    "body": "Asia forever",
    "created": "2023-03-17T18:00:51.971Z",
    "updated": "2023-03-17T18:00:51.971Z",
    "active": true
  }
},
{
  "model": "blog.comment",
  "pk": 12,
  "fields": {
    "post": 7,
    "name": "qwerty",
    "email": "303@gmail.com",
    "body": "Asia forever",
    "created": "2023-03-17T18:01:11.812Z",
    "updated": "2023-03-17T18:01:11.812Z",
    "active": true
  }
},
{
  "model": "blog.comment",
  "pk": 13,
  "fields": {
    "post": 11,
    "name": "React",
    "email": "129@ya.ru",
    "body": "It will be interesting to see",
    "created": "2023-03-19T07:27:15.582Z",
    "updated": "2023-03-19T07:27:15.582Z",
    "active": true
  }
},
{
  "model": "taggit.tag",
  "pk": 1,
  "fields": {
    "name": "football",
    "slug": "football"
  }
},
{
  "model": "taggit.tag",
  "pk": 2,
  "fields": {
    "name": "soccer",
    "slug": "soccer"
  }
},
{
  "model": "taggit.tag",
  "pk": 3,
  "fields": {
    "name": "women",
    "slug": "women"
  }
},
{
  "model": "taggit.tag",
  "pk": 4,
  "fields": {
    "name": "Moscow",
    "slug": "moscow"
  }
},
{
  "model": "taggit.tag",
  "pk": 5,
  "fields": {
    "name": "fifa",
    "slug": "fifa"
  }
},
{
  "model": "taggit.tag",
  "pk": 6,
  "fields": {
    "name": "markdown",
    "slug": "markdown"
  }
},
{
  "model": "taggit.tag",
  "pk": 7,
  "fields": {
    "name": "uefa",
    "slug": "uefa"
  }
},
{
  "model": "taggit.taggeditem",
  "pk": 1,
  "fields": {
    "tag": 1,
    "content_type": 7,
    "object_id": 9
  }
},
{
  "model": "taggit.taggeditem",
  "pk": 2,
  "fields": {
    "tag": 2,
    "content_type": 7,
    "object_id": 9
  }
},
{
  "model": "taggit.taggeditem",
  "pk": 3,
  "fields": {
    "tag": 3,
    "content_type": 7,
    "object_id": 9
  }
},
{
  "model": "taggit.taggeditem",
  "pk": 4,
  "fields": {
    "tag": 4,
    "content_type": 7,
    "object_id": 1
  }
},
{
  "model": "taggit.taggeditem",
  "pk": 5,
  "fields": {
    "tag": 1,
    "content_type": 7,
    "object_id": 1
  }
},
{
  "model": "taggit.taggeditem",
  "pk": 6,
  "fields": {
    "tag": 1,
    "content_type": 7,
    "object_id": 7
  }
},
{
  "model": "taggit.taggeditem",
  "pk": 7,
  "fields": {
    "tag": 2,
    "content_type": 7,
    "object_id": 7
  }
},
{
  "model": "taggit.taggeditem",
  "pk": 8,
  "fields": {
    "tag": 5,
    "content_type": 7,
    "object_id": 7
  }
},
{
  "model": "taggit.taggeditem",
  "pk": 9,
  "fields": {
    "tag": 6,
    "content_type": 7,
    "object_id": 10
  }
},
{
  "model": "taggit.taggeditem",
  "pk": 10,
  "fields": {
    "tag": 1,
    "content_type": 7,
    "object_id": 11
  }
},
{
  "model": "taggit.taggeditem",
  "pk": 11,
  "fields": {
    "tag": 2,
    "content_type": 7,
    "object_id": 11
  }
},
{
  "model": "taggit.taggeditem",
  "pk": 12,
  "fields": {
    "tag": 7,
    "content_type": 7,
    "object_id": 11
  }
},
{
  "model": "sites.site",
  "pk": 1,
  "fields": {
    "domain": "localhost:8000",
    "name": "localhost:8000"
  }
}
]
